,place,1801,1811,1821,1831,1841,1851,1861,1871,1881,1891,1901,1911,1921,1931,1941,1951,1961,1971,1981,1991,2001,2002,2005,2008,2010,2011,2011,2012,2013,2014,2014,2014,2015,2016,2017,2018,county_name,sample_frequency,timestamps,name,units,url,domain,country_code,country_name,original_id,aug_id
0,nuts/UKD33,,,,,,,,,,,,,,,,,,,,,,,,,,511852.0,,,,,,520215.0,,,545500.0,547627.0,Manchester,43.4,{1801:2018},Count_Person_over_time,year,https://datacommons.org/tools/statvar#Count_Person,float64,GBR,United Kingdom,nuts/UKD33,0
1,nuts/UKD61,,,,,,,,,,,,,,,,,,,,,,,,,,165456.0,,,,,,,,,,,Warrington,108.5,{1801:2018},Count_Person_over_time,year,https://datacommons.org/tools/statvar#Count_Person,float64,GBR,United Kingdom,nuts/UKD61,1
2,nuts/UKD72,,,,,,,,,,,,,,,,,,,,,,,,,,466415.0,,,,,,,,513441.0,,,Liverpool,72.33333333333333,{1801:2018},Count_Person_over_time,year,https://datacommons.org/tools/statvar#Count_Person,float64,GBR,United Kingdom,nuts/UKD72,2
3,nuts/UKE11,,,,,,,,,,,,,,,,,,,,,,,,,,256406.0,,,,,,,,,,,Kingston upon Hull,108.5,{1801:2018},Count_Person_over_time,year,https://datacommons.org/tools/statvar#Count_Person,float64,GBR,United Kingdom,nuts/UKE11,3
4,nuts/UKE21,,,,,,,,,,,,,,,,,,,,,181131.0,,,,,198051.0,,,,,,,,,,,York,72.33333333333333,{1801:2018},Count_Person_over_time,year,https://datacommons.org/tools/statvar#Count_Person,float64,GBR,United Kingdom,nuts/UKE21,4
5,nuts/UKE32,,,,,,,,,,,,,,,,,,,,,,,,,,518090.0,,,,,,,,,,,Sheffield,108.5,{1801:2018},Count_Person_over_time,year,https://datacommons.org/tools/statvar#Count_Person,float64,GBR,United Kingdom,nuts/UKE32,5
6,nuts/UKE41,,,,76996.0,,,,,,,,,,,,,,,,,293277.0,,,,,,,,,,,,,,,,Bradford,72.33333333333333,{1801:2018},Count_Person_over_time,year,https://datacommons.org/tools/statvar#Count_Person,float64,GBR,United Kingdom,nuts/UKE41,6
7,nuts/UKF11,,,,,,,,,,,,,,,,,,,,,,,,,,255394.0,,,,,,,,,,,Derby,108.5,{1801:2018},Count_Person_over_time,year,https://datacommons.org/tools/statvar#Count_Person,float64,GBR,United Kingdom,nuts/UKF11,7
8,nuts/UKF14,,,,,,,,,,,,,,,,,,,,,,,,,,289301.0,,,,,,,,,,,Nottingham,108.5,{1801:2018},Count_Person_over_time,year,https://datacommons.org/tools/statvar#Count_Person,float64,GBR,United Kingdom,nuts/UKF14,8
9,nuts/UKF21,,,,,,,,,,,,,,,,,,,,,,,,,,329839.0,,,,337653.0,,,,464395.0,,,Leicester,54.25,{1801:2018},Count_Person_over_time,year,https://datacommons.org/tools/statvar#Count_Person,float64,GBR,United Kingdom,nuts/UKF21,9
10,nuts/UKG23,,,,,,,,,,,,,,,,,,,,,,,,,,249008.0,,,,,,,,,,,Stoke-on-Trent,108.5,{1801:2018},Count_Person_over_time,year,https://datacommons.org/tools/statvar#Count_Person,float64,GBR,United Kingdom,nuts/UKG23,10
11,nuts/UKG31,,,,,,,,,,,,,,,,,,,,,,,,,,,,,,,,,1123000.0,,1137100.0,,Birmingham,72.33333333333333,{1801:2018},Count_Person_over_time,year,https://datacommons.org/tools/statvar#Count_Person,float64,GBR,United Kingdom,nuts/UKG31,11
12,nuts/UKG33,,,,,,,,,,,,,,,,,,,,,,,,,,316900.0,,,,,,,,362690.0,,,Coventry,72.33333333333333,{1801:2018},Count_Person_over_time,year,https://datacommons.org/tools/statvar#Count_Person,float64,GBR,United Kingdom,nuts/UKG33,12
13,nuts/UKG39,,,,,,,,,,,,,,,,,,,,,,,,,,265178.0,,250970.0,,,,,,,,,Wolverhampton,72.33333333333333,{1801:2018},Count_Person_over_time,year,https://datacommons.org/tools/statvar#Count_Person,float64,GBR,United Kingdom,nuts/UKG39,13
14,nuts/UKH11,,,,,,,,,,,,,,,,,,,,,136292.0,,,,,,,,,,,,194000.0,,,,Peterborough,72.33333333333333,{1801:2018},Count_Person_over_time,year,https://datacommons.org/tools/statvar#Count_Person,float64,GBR,United Kingdom,nuts/UKH11,14
15,nuts/UKH21,,,,,,,,,,,,,,,,,,,,,,,,,,203201.0,,,,,,,,,,,Luton,108.5,{1801:2018},Count_Person_over_time,year,https://datacommons.org/tools/statvar#Count_Person,float64,GBR,United Kingdom,nuts/UKH21,15
16,nuts/UKH31,,,,,,,,,,,,,,,,,,,,,,,,,,160257.0,,,,,,,,,,,Southend-on-Sea,108.5,{1801:2018},Count_Person_over_time,year,https://datacommons.org/tools/statvar#Count_Person,float64,GBR,United Kingdom,nuts/UKH31,16
17,nuts/UKJ31,,,,,,,,,,,,,,,,,,,,,,,,200000.0,,205100.0,,,,,,,,248440.0,,,Portsmouth,54.25,{1801:2018},Count_Person_over_time,year,https://datacommons.org/tools/statvar#Count_Person,float64,GBR,United Kingdom,nuts/UKJ31,17
18,nuts/UKJ32,,,,,,,,,,,,,,,,,,,,,,,,,,253651.0,,,,,,,,271173.0,,,Southampton,72.33333333333333,{1801:2018},Count_Person_over_time,year,https://datacommons.org/tools/statvar#Count_Person,float64,GBR,United Kingdom,nuts/UKJ32,18
19,nuts/UKK11,,,,,,,,,,,,,,,,,,,,,,,,,,535907.0,,,,,,,,,,,Bristol,108.5,{1801:2018},Count_Person_over_time,year,https://datacommons.org/tools/statvar#Count_Person,float64,GBR,United Kingdom,nuts/UKK11,19
20,nuts/UKK41,,,,,,,,,,,,,,,,,,,,,,,,,,,,,,,,,,267918.0,,,Plymouth,108.5,{1801:2018},Count_Person_over_time,year,https://datacommons.org/tools/statvar#Count_Person,float64,GBR,United Kingdom,nuts/UKK41,20
21,nuts/UKM25,,,,,,,,,,,,,,,,,,,,,,,,,,,,,,,,,,464990.0,513210.0,,Edinburgh,72.33333333333333,{1801:2018},Count_Person_over_time,year,https://datacommons.org/tools/statvar#Count_Person,float64,GBR,United Kingdom,nuts/UKM25,21
22,nuts/UKM34,,,,,,,,,,,,,,1088000.0,,,,,,681000.0,579000.0,,,,,598830.0,,,,,,,,,,626410.0,Glasgow,36.166666666666664,{1801:2018},Count_Person_over_time,year,https://datacommons.org/tools/statvar#Count_Person,float64,GBR,United Kingdom,nuts/UKM34,22
23,wikidataId/Q1000740,,,,,,,,,,,,,,,,,,,,,17600.0,,,,,19518.0,,,,,,,,,,,Goole,72.33333333333333,{1801:2018},Count_Person_over_time,year,https://datacommons.org/tools/statvar#Count_Person,float64,GBR,United Kingdom,wikidataId/Q1000740,23
24,wikidataId/Q1001942,,,,,,,,,,,,,,,,,,,,,,,,,,,,,,,,,,10975.0,,,Oakham,108.5,{1801:2018},Count_Person_over_time,year,https://datacommons.org/tools/statvar#Count_Person,float64,GBR,United Kingdom,wikidataId/Q1001942,24
25,wikidataId/Q1002177,,,,,,,,,,,,,,,,,,,,,,,,,,11602.0,,,,,,,,,,,Stonehaven,108.5,{1801:2018},Count_Person_over_time,year,https://datacommons.org/tools/statvar#Count_Person,float64,GBR,United Kingdom,wikidataId/Q1002177,25
26,wikidataId/Q1007093,,,,,,,,,,,,,,,,,,,,,,,,,,34432.0,,,,,,,,,,,Exmouth,108.5,{1801:2018},Count_Person_over_time,year,https://datacommons.org/tools/statvar#Count_Person,float64,GBR,United Kingdom,wikidataId/Q1007093,26
27,wikidataId/Q1009316,,,,,,,,,,,,,,,,,,,,,,,,,,61789.0,,,,,,,,,,,Runcorn,108.5,{1801:2018},Count_Person_over_time,year,https://datacommons.org/tools/statvar#Count_Person,float64,GBR,United Kingdom,wikidataId/Q1009316,27
28,wikidataId/Q1010221,,,,,,,,,,,,,,,,,,,,,,,,,,9400.0,,,,,,,,,,,Hayle,108.5,{1801:2018},Count_Person_over_time,year,https://datacommons.org/tools/statvar#Count_Person,float64,GBR,United Kingdom,wikidataId/Q1010221,28
29,wikidataId/Q1010328,,,,,,,,,,,,,,,,,,,,,,,,,,,,,,,,,,10080.0,,,Kilsyth,108.5,{1801:2018},Count_Person_over_time,year,https://datacommons.org/tools/statvar#Count_Person,float64,GBR,United Kingdom,wikidataId/Q1010328,29
30,wikidataId/Q1011600,,,,,,,,,,,,,,,,,,,,,,,,,,61090.0,,,,,,,,,,,Ellesmere Port,108.5,{1801:2018},Count_Person_over_time,year,https://datacommons.org/tools/statvar#Count_Person,float64,GBR,United Kingdom,wikidataId/Q1011600,30
31,wikidataId/Q1012502,,,,,,,,,,,,,,,,,,,,,,,,,,,,,,,,,,7030.0,,,Wick,108.5,{1801:2018},Count_Person_over_time,year,https://datacommons.org/tools/statvar#Count_Person,float64,GBR,United Kingdom,wikidataId/Q1012502,31
32,wikidataId/Q101254,,,,,,,,,,,,,,,,,,,,,,,,,,145700.0,,,,,,,,,,153302.0,Newport,72.33333333333333,{1801:2018},Count_Person_over_time,year,https://datacommons.org/tools/statvar#Count_Person,float64,GBR,United Kingdom,wikidataId/Q101254,32
33,wikidataId/Q1016707,,,,,,,,,,,,,,,,,,,,,4761.0,,,,,,,,,,,,,,,,Blackburn,108.5,{1801:2018},Count_Person_over_time,year,https://datacommons.org/tools/statvar#Count_Person,float64,GBR,United Kingdom,wikidataId/Q1016707,33
34,wikidataId/Q1017537,,,,,,,,,,,,,,,,,,,,,10885.0,,,,,,,,,,,,,,,,Inverurie,108.5,{1801:2018},Count_Person_over_time,year,https://datacommons.org/tools/statvar#Count_Person,float64,GBR,United Kingdom,wikidataId/Q1017537,34
35,wikidataId/Q1020362,,,,,,,,,,,,,,,,,,,,,,,,,,45249.0,,,,,,,,,,,Hinckley,108.5,{1801:2018},Count_Person_over_time,year,https://datacommons.org/tools/statvar#Count_Person,float64,GBR,United Kingdom,wikidataId/Q1020362,35
36,wikidataId/Q1020951,,,,,,,,,,,,,,,,,,,,,,,,,,14809.0,,,,,,,,,,,Ilkley,108.5,{1801:2018},Count_Person_over_time,year,https://datacommons.org/tools/statvar#Count_Person,float64,GBR,United Kingdom,wikidataId/Q1020951,36
37,wikidataId/Q1022488,,,,,,,,,,,,,,,,,,,,,,,,,,273400.0,,,,,,,285300.0,,,290395.0,Brighton and Hove,54.25,{1801:2018},Count_Person_over_time,year,https://datacommons.org/tools/statvar#Count_Person,float64,GBR,United Kingdom,wikidataId/Q1022488,37
38,wikidataId/Q1022741,,,,,,,,,,,,,,,,,,,,,,,,,,61464.0,,,,,,,,,,,Widnes,108.5,{1801:2018},Count_Person_over_time,year,https://datacommons.org/tools/statvar#Count_Person,float64,GBR,United Kingdom,wikidataId/Q1022741,38
39,wikidataId/Q1024911,,,,,,,,,,,,,,,,,,,,,,,,,,6664.0,,,,,,,,,,,Welshpool,108.5,{1801:2018},Count_Person_over_time,year,https://datacommons.org/tools/statvar#Count_Person,float64,GBR,United Kingdom,wikidataId/Q1024911,39
40,wikidataId/Q10686,,,,,,,,,,,,,,,,,,,,,,,,,,,,,,,,,333871.0,,,,Belfast,108.5,{1801:2018},Count_Person_over_time,year,https://datacommons.org/tools/statvar#Count_Person,float64,GBR,United Kingdom,wikidataId/Q10686,40
41,wikidataId/Q10690,,,,,,,,,,,,,,,,,,,,,,,,,,,,,,,,,,361469.0,,,Cardiff,108.5,{1801:2018},Count_Person_over_time,year,https://datacommons.org/tools/statvar#Count_Person,float64,GBR,United Kingdom,wikidataId/Q10690,41
42,wikidataId/Q10999,,,,,,,,,,,,,,,,,,,,,12027.0,,,,,12099.0,,,,,,,,,,,Tring,72.33333333333333,{1801:2018},Count_Person_over_time,year,https://datacommons.org/tools/statvar#Count_Person,float64,GBR,United Kingdom,wikidataId/Q10999,42
43,wikidataId/Q1190876,,,,,,,,,,,,,,,,,,,,,29237.0,,,,,,,,,,,,,,,,Bromsgrove,108.5,{1801:2018},Count_Person_over_time,year,https://datacommons.org/tools/statvar#Count_Person,float64,GBR,United Kingdom,wikidataId/Q1190876,43
44,wikidataId/Q123709,,,,,,,,,,,,,,,,,,,,,,,,,,,,,,,,,,148270.0,,,Dundee,108.5,{1801:2018},Count_Person_over_time,year,https://datacommons.org/tools/statvar#Count_Person,float64,GBR,United Kingdom,wikidataId/Q123709,44
45,wikidataId/Q1238552,,,,,,,,,,,,,,,,,,,,,,,,,,17789.0,,,,,,,,,,,Portchester,108.5,{1801:2018},Count_Person_over_time,year,https://datacommons.org/tools/statvar#Count_Person,float64,GBR,United Kingdom,wikidataId/Q1238552,45
46,wikidataId/Q1277696,,,,,,,,,,,,,,,,,,,,,4233.0,,,,,4627.0,,,,,,,,,,,Easingwold,72.33333333333333,{1801:2018},Count_Person_over_time,year,https://datacommons.org/tools/statvar#Count_Person,float64,GBR,United Kingdom,wikidataId/Q1277696,46
47,wikidataId/Q1277887,,,,,,,,,,,,,,,,,,,,,,,,,,26383.0,,,,,,,,,,,East Grinstead,108.5,{1801:2018},Count_Person_over_time,year,https://datacommons.org/tools/statvar#Count_Person,float64,GBR,United Kingdom,wikidataId/Q1277887,47
48,wikidataId/Q130191,,,,,,,,,,,,,,,,,,,,,,,,,,,213166.0,,,,,,,195971.0,,,Norwich,72.33333333333333,{1801:2018},Count_Person_over_time,year,https://datacommons.org/tools/statvar#Count_Person,float64,GBR,United Kingdom,wikidataId/Q130191,48
49,wikidataId/Q131491,,,,,,,,,,,,,,,,,,,,,134293.0,,,,,,,,,,,,,,,,Brighton,108.5,{1801:2018},Count_Person_over_time,year,https://datacommons.org/tools/statvar#Count_Person,float64,GBR,United Kingdom,wikidataId/Q131491,49
50,wikidataId/Q1425428,,,,,,,,,,,,,,,,,,,,,,,,,,,,282442.0,,276960.0,,,,,,300196.0,Newcastle upon Tyne,54.25,{1801:2018},Count_Person_over_time,year,https://datacommons.org/tools/statvar#Count_Person,float64,GBR,United Kingdom,wikidataId/Q1425428,50
51,wikidataId/Q1433341,,,,,,,,,,,,,,,,,,,,,,,,,,7297.0,,,,,,,,,,,Southwell,108.5,{1801:2018},Count_Person_over_time,year,https://datacommons.org/tools/statvar#Count_Person,float64,GBR,United Kingdom,wikidataId/Q1433341,51
52,wikidataId/Q1438673,,,,,,,,,,,,,,,,,,,,,12795.0,,,,,,,,,,,,,,,,Milngavie,108.5,{1801:2018},Count_Person_over_time,year,https://datacommons.org/tools/statvar#Count_Person,float64,GBR,United Kingdom,wikidataId/Q1438673,52
53,wikidataId/Q150214,,,,,,,,,,,,,,,,,,,,,,,,,,16989.0,,,,,,,,,,,Kilburn,108.5,{1801:2018},Count_Person_over_time,year,https://datacommons.org/tools/statvar#Count_Person,float64,GBR,United Kingdom,wikidataId/Q150214,53
54,wikidataId/Q1529978,,,,,,,,,,,,,,,,,,,,,,,,,,15103.0,,,,,,,,,,,Tredegar,108.5,{1801:2018},Count_Person_over_time,year,https://datacommons.org/tools/statvar#Count_Person,float64,GBR,United Kingdom,wikidataId/Q1529978,54
55,wikidataId/Q153647,,,,,,,,,,,,,,,,,,,,,102629.0,,,,,,,,,,,,,,,,St Helens,108.5,{1801:2018},Count_Person_over_time,year,https://datacommons.org/tools/statvar#Count_Person,float64,GBR,United Kingdom,wikidataId/Q153647,55
56,wikidataId/Q1612220,,,,,,,,,,,,,,,,,,,,,,,,,,5038.0,,,,,,,,,,,Wirksworth,108.5,{1801:2018},Count_Person_over_time,year,https://datacommons.org/tools/statvar#Count_Person,float64,GBR,United Kingdom,wikidataId/Q1612220,56
57,wikidataId/Q161491,,,,,,,,,,,,,,,,,,,,,,,,,,,,,,,,,,162666.0,,,Reading,108.5,{1801:2018},Count_Person_over_time,year,https://datacommons.org/tools/statvar#Count_Person,float64,GBR,United Kingdom,wikidataId/Q161491,57
58,wikidataId/Q170377,,,,,,,,,,,,,,,,,,,,,,,,,,142100.0,,,,,,,,,,139305.0,Blackpool,72.33333333333333,{1801:2018},Count_Person_over_time,year,https://datacommons.org/tools/statvar#Count_Person,float64,GBR,United Kingdom,wikidataId/Q170377,58
59,wikidataId/Q170497,,,,,,,,,,,,,,,,,,,,,,,,,,,,,,125649.0,,,,145563.0,,,Gloucester,72.33333333333333,{1801:2018},Count_Person_over_time,year,https://datacommons.org/tools/statvar#Count_Person,float64,GBR,United Kingdom,wikidataId/Q170497,59
60,wikidataId/Q171923,,,,,,,,,,,,,,,,,,,,,,,,,,1974.0,,,,,,,,,,,Bala,108.5,{1801:2018},Count_Person_over_time,year,https://datacommons.org/tools/statvar#Count_Person,float64,GBR,United Kingdom,wikidataId/Q171923,60
61,wikidataId/Q1755020,,,,,,,,,,,,,,,,,,,,,,,,,,,,,,,,,,68202.0,,,Tynemouth,108.5,{1801:2018},Count_Person_over_time,year,https://datacommons.org/tools/statvar#Count_Person,float64,GBR,United Kingdom,wikidataId/Q1755020,61
62,wikidataId/Q175632,,,,,,,,,,,,,,,,,,,,,,,,,,86552.0,,,,,,,,,,,Nuneaton,108.5,{1801:2018},Count_Person_over_time,year,https://datacommons.org/tools/statvar#Count_Person,float64,GBR,United Kingdom,wikidataId/Q175632,62
63,wikidataId/Q1757473,,,,,,,,,,,,,,,,,,,,,,,,,,42954.0,,,,,,,,,,,Lytham St Annes,108.5,{1801:2018},Count_Person_over_time,year,https://datacommons.org/tools/statvar#Count_Person,float64,GBR,United Kingdom,wikidataId/Q1757473,63
64,wikidataId/Q1774629,,,,,,,,,,,,,,,,,,,,,33090.0,,,,,33698.0,,,,,,,,,,,Irvine,72.33333333333333,{1801:2018},Count_Person_over_time,year,https://datacommons.org/tools/statvar#Count_Person,float64,GBR,United Kingdom,wikidataId/Q1774629,64
65,wikidataId/Q179406,,,,,,,,,,,,,,,,,,,,,,,,,,88243.0,,,,,,,,,,,Grimsby,108.5,{1801:2018},Count_Person_over_time,year,https://datacommons.org/tools/statvar#Count_Person,float64,GBR,United Kingdom,wikidataId/Q179406,65
66,wikidataId/Q179815,,,,,,,,,,,,,,,,,,,,,,,,,,48069.0,,,,,,,,,,,Durham,108.5,{1801:2018},Count_Person_over_time,year,https://datacommons.org/tools/statvar#Count_Person,float64,GBR,United Kingdom,wikidataId/Q179815,66
67,wikidataId/Q180057,,,,,,,,,,,,,,,,,,,,,,,,,,100160.0,,,,,,,,,,,Lincoln,108.5,{1801:2018},Count_Person_over_time,year,https://datacommons.org/tools/statvar#Count_Person,float64,GBR,United Kingdom,wikidataId/Q180057,67
68,wikidataId/Q182923,,,,,,,,,,,,,,,,,,,,,,,,,,,,,,,,,,,94000.0,,Stirling,108.5,{1801:2018},Count_Person_over_time,year,https://datacommons.org/tools/statvar#Count_Person,float64,GBR,United Kingdom,wikidataId/Q182923,68
69,wikidataId/Q183296,,,,,,,,,,,,,,,,,,,,,32360.0,,,,,,,,,,,,,,,,Brighouse,108.5,{1801:2018},Count_Person_over_time,year,https://datacommons.org/tools/statvar#Count_Person,float64,GBR,United Kingdom,wikidataId/Q183296,69
70,wikidataId/Q183329,,,,,,,,,,,,,,,,,,,,,,,,,,15504.0,,,,,,,,,,,Saffron Walden,108.5,{1801:2018},Count_Person_over_time,year,https://datacommons.org/tools/statvar#Count_Person,float64,GBR,United Kingdom,wikidataId/Q183329,70
71,wikidataId/Q184090,,,,,,,,,,,,,,,,,,,,,,,,,,,,,,,,,,141801.0,,,Preston,108.5,{1801:2018},Count_Person_over_time,year,https://datacommons.org/tools/statvar#Count_Person,float64,GBR,United Kingdom,wikidataId/Q184090,71
72,wikidataId/Q184163,,,,,,,,,,,,,,,,,,,,,,,,,,121859.0,,,,,,,,,,,Colchester,108.5,{1801:2018},Count_Person_over_time,year,https://datacommons.org/tools/statvar#Count_Person,float64,GBR,United Kingdom,wikidataId/Q184163,72
73,wikidataId/Q184579,,,,,,,,,,,,,,,,,,,,,,,,,,128139.0,,,,,,,,,,285372.0,Bolton,72.33333333333333,{1801:2018},Count_Person_over_time,year,https://datacommons.org/tools/statvar#Count_Person,float64,GBR,United Kingdom,wikidataId/Q184579,73
74,wikidataId/Q184775,,,,,,,,,,,,,,,,,,,,,,,,,,,,,,,,,,147522.0,,,Ipswich,108.5,{1801:2018},Count_Person_over_time,year,https://datacommons.org/tools/statvar#Count_Person,float64,GBR,United Kingdom,wikidataId/Q184775,74
75,wikidataId/Q1854684,,,,,,,,,,,,,,,,,,,,,,,,,,8017.0,,,,,,,,,,,Gerrards Cross,108.5,{1801:2018},Count_Person_over_time,year,https://datacommons.org/tools/statvar#Count_Person,float64,GBR,United Kingdom,wikidataId/Q1854684,75
76,wikidataId/Q188313,,,,,,,,,,,,,,,,,,,,,,,,,,117963.0,,,,,,,,,,,Blackburn,108.5,{1801:2018},Count_Person_over_time,year,https://datacommons.org/tools/statvar#Count_Person,float64,GBR,United Kingdom,wikidataId/Q188313,76
77,wikidataId/Q192240,,,,,,,,,,,,,,,,,,,,,,,,,,212100.0,,,,,,,,,,,Northampton,108.5,{1801:2018},Count_Person_over_time,year,https://datacommons.org/tools/statvar#Count_Person,float64,GBR,United Kingdom,wikidataId/Q192240,77
78,wikidataId/Q192896,,,,,,,,,,,,,,,,,,,,,,,,,,,,,,,,,,75399.0,,,Carlisle,108.5,{1801:2018},Count_Person_over_time,year,https://datacommons.org/tools/statvar#Count_Person,float64,GBR,United Kingdom,wikidataId/Q192896,78
79,wikidataId/Q19792,,,,,,,,,,,,,,,,,,,,,,,,,,18799.0,,,,,,,,,,,Ware,108.5,{1801:2018},Count_Person_over_time,year,https://datacommons.org/tools/statvar#Count_Person,float64,GBR,United Kingdom,wikidataId/Q19792,79
80,wikidataId/Q19797,,,,,,,,,,,,,,,,,,,,,,,,,38202.0,,,,,,,,,,,,Bishop's Stortford,108.5,{1801:2018},Count_Person_over_time,year,https://datacommons.org/tools/statvar#Count_Person,float64,GBR,United Kingdom,wikidataId/Q19797,80
81,wikidataId/Q19798,,,,,,,,,,,,,,,,,,,,,,,,,,34266.0,,,,,,,,,,,Hitchin,108.5,{1801:2018},Count_Person_over_time,year,https://datacommons.org/tools/statvar#Count_Person,float64,GBR,United Kingdom,wikidataId/Q19798,81
82,wikidataId/Q19801,,,,,,,,,,,,,,,,,,,,,,,,,,33249.0,,,,,,,,,,,Letchworth Garden City,108.5,{1801:2018},Count_Person_over_time,year,https://datacommons.org/tools/statvar#Count_Person,float64,GBR,United Kingdom,wikidataId/Q19801,82
83,wikidataId/Q1992389,,,,,,,,,,,,,,,,,,,,,,,,,,1938.0,,,,,,,,,,,Beaumaris,108.5,{1801:2018},Count_Person_over_time,year,https://datacommons.org/tools/statvar#Count_Person,float64,GBR,United Kingdom,wikidataId/Q1992389,83
84,wikidataId/Q2003600,,,,,,,,,,,,,,,,,,,,,,,,,,66566.0,,,,,,,,,,,Walton-on-Thames,108.5,{1801:2018},Count_Person_over_time,year,https://datacommons.org/tools/statvar#Count_Person,float64,GBR,United Kingdom,wikidataId/Q2003600,84
85,wikidataId/Q201812,,,,,,,,,,,,,,,,,,,,,,,,,,162949.0,,,,,,,,,,,Huddersfield,108.5,{1801:2018},Count_Person_over_time,year,https://datacommons.org/tools/statvar#Count_Person,float64,GBR,United Kingdom,wikidataId/Q201812,85
86,wikidataId/Q201970,,,,,,,,,,,,,,,,,,,,,,,,,,71715.0,,,,,,,,,,,Shrewsbury,108.5,{1801:2018},Count_Person_over_time,year,https://datacommons.org/tools/statvar#Count_Person,float64,GBR,United Kingdom,wikidataId/Q201970,86
87,wikidataId/Q2020203,,,,,,,,,,,,,,,,,,,,,,,,,,25149.0,,,,,,,,,,,Rhyl,108.5,{1801:2018},Count_Person_over_time,year,https://datacommons.org/tools/statvar#Count_Person,float64,GBR,United Kingdom,wikidataId/Q2020203,87
88,wikidataId/Q202628,,,,,,,,,,,,,,,,,,,,,,,,,,96555.0,,,,,,,,,,,Oldham,108.5,{1801:2018},Count_Person_over_time,year,https://datacommons.org/tools/statvar#Count_Person,float64,GBR,United Kingdom,wikidataId/Q202628,88
89,wikidataId/Q203000,,,,,,,,,,,,,,,,,,,,,43450.0,,,,,,,,,,,,,,,,Perth,108.5,{1801:2018},Count_Person_over_time,year,https://datacommons.org/tools/statvar#Count_Person,float64,GBR,United Kingdom,wikidataId/Q203000,89
90,wikidataId/Q204720,,,,,,,,,,,,,,,,,,,,,,,,,,,,,,,,,,63024.0,,,Hereford,108.5,{1801:2018},Count_Person_over_time,year,https://datacommons.org/tools/statvar#Count_Person,float64,GBR,United Kingdom,wikidataId/Q204720,90
91,wikidataId/Q205905,,,,,,,,,,,,,,,,,,,,,,,,,,52234.0,,,,,,,,,,,Lancaster,108.5,{1801:2018},Count_Person_over_time,year,https://datacommons.org/tools/statvar#Count_Person,float64,GBR,United Kingdom,wikidataId/Q205905,91
92,wikidataId/Q206988,,,,,,,,,,,,,,,,,,,,,,,,,,116447.0,,,,,,,,,,,Cheltenham,108.5,{1801:2018},Count_Person_over_time,year,https://datacommons.org/tools/statvar#Count_Person,float64,GBR,United Kingdom,wikidataId/Q206988,92
93,wikidataId/Q2070717,,,,,,,,,,,,,,,,,,,,,18768.0,,,,,20768.0,,,,,,,,,,,Leek,72.33333333333333,{1801:2018},Count_Person_over_time,year,https://datacommons.org/tools/statvar#Count_Person,float64,GBR,United Kingdom,wikidataId/Q2070717,93
94,wikidataId/Q2078535,,,,,,,,,,,,,,,,,,,,,,,,,,,,,,,,,,38420.0,,,Chorley,108.5,{1801:2018},Count_Person_over_time,year,https://datacommons.org/tools/statvar#Count_Person,float64,GBR,United Kingdom,wikidataId/Q2078535,94
95,wikidataId/Q208257,,,,,,,,,,,,,,,,,,,,,,,,,,,,,,,,,,92407.0,,,Bedford,108.5,{1801:2018},Count_Person_over_time,year,https://datacommons.org/tools/statvar#Count_Person,float64,GBR,United Kingdom,wikidataId/Q208257,95
96,wikidataId/Q208262,,,,,,,,,,,,,,,,,,,,,,,93630.0,,,99412.0,,,,101547.0,,,,,,,Eastbourne,54.25,{1801:2018},Count_Person_over_time,year,https://datacommons.org/tools/statvar#Count_Person,float64,GBR,United Kingdom,wikidataId/Q208262,96
97,wikidataId/Q208296,,,,,,,,,,,,,,,,,,,,,,,,,,,,,,,,,,12457.0,,,Cromer,108.5,{1801:2018},Count_Person_over_time,year,https://datacommons.org/tools/statvar#Count_Person,float64,GBR,United Kingdom,wikidataId/Q208296,97
98,wikidataId/Q209096,,,,,,,,,,,,,,,,,,,,,73021.0,,,,,,,,,,,,,82002.0,,,Burnley,72.33333333333333,{1801:2018},Count_Person_over_time,year,https://datacommons.org/tools/statvar#Count_Person,float64,GBR,United Kingdom,wikidataId/Q209096,98
99,wikidataId/Q210985,,,,,,,,,,,,,,,,,,,,,,,,,,,,,,,,,,115369.0,,,Chelmsford,108.5,{1801:2018},Count_Person_over_time,year,https://datacommons.org/tools/statvar#Count_Person,float64,GBR,United Kingdom,wikidataId/Q210985,99
100,wikidataId/Q2117331,,,,,,,,,,,,,,,,,,,,,,,,,,95580.0,,,,,,,,,,,Rayleigh,108.5,{1801:2018},Count_Person_over_time,year,https://datacommons.org/tools/statvar#Count_Person,float64,GBR,United Kingdom,wikidataId/Q2117331,100
101,wikidataId/Q211950,,,,,,,,,,,,,,,,,,,,,,,,,,,,50380.0,,,,,,,,,Dunfermline,108.5,{1801:2018},Count_Person_over_time,year,https://datacommons.org/tools/statvar#Count_Person,float64,GBR,United Kingdom,wikidataId/Q211950,101
102,wikidataId/Q212826,,,,,,,,,,,,,,,,,,,,146386.0,,,,,,,,,,,,,,,,,West Bromwich,108.5,{1801:2018},Count_Person_over_time,year,https://datacommons.org/tools/statvar#Count_Person,float64,GBR,United Kingdom,wikidataId/Q212826,102
103,wikidataId/Q213154,,,,,,,,,,,,,,,,,,,,,,,,,12250.0,,,,,,,,,,,,Aberystwyth,108.5,{1801:2018},Count_Person_over_time,year,https://datacommons.org/tools/statvar#Count_Person,float64,GBR,United Kingdom,wikidataId/Q213154,103
104,wikidataId/Q213180,,,,,,,,,,,,,,,,,,,,,,,,,,107627.0,,,,,,,,,,,Maidstone,108.5,{1801:2018},Count_Person_over_time,year,https://datacommons.org/tools/statvar#Count_Person,float64,GBR,United Kingdom,wikidataId/Q213180,104
105,wikidataId/Q213181,,,,,,,,,,,,,,,,,,,,,,,,,,92363.0,,,,,,,,,,,Darlington,108.5,{1801:2018},Count_Person_over_time,year,https://datacommons.org/tools/statvar#Count_Person,float64,GBR,United Kingdom,wikidataId/Q213181,105
106,wikidataId/Q213465,,,,,,,,,,,,,,,,,,,,,,,,,,77057.0,,,,,,,,,,,Guildford,108.5,{1801:2018},Count_Person_over_time,year,https://datacommons.org/tools/statvar#Count_Person,float64,GBR,United Kingdom,wikidataId/Q213465,106
107,wikidataId/Q213474,,,,4907.0,,,,,,,,,,,,,,,,,,,,,,,,,,,,,,83407.0,,,Aylesbury,72.33333333333333,{1801:2018},Count_Person_over_time,year,https://datacommons.org/tools/statvar#Count_Person,float64,GBR,United Kingdom,wikidataId/Q213474,107
108,wikidataId/Q2148571,,,,,,,,,,,,,,,,,,,,,,,,,,10860.0,,,,,,,,,,,Soham,108.5,{1801:2018},Count_Person_over_time,year,https://datacommons.org/tools/statvar#Count_Person,float64,GBR,United Kingdom,wikidataId/Q2148571,108
109,wikidataId/Q215829,,,,,,,,,,,,,,,,,,,,,,,,,,73576.0,,,,,,,,,,,Harrogate,108.5,{1801:2018},Count_Person_over_time,year,https://datacommons.org/tools/statvar#Count_Person,float64,GBR,United Kingdom,wikidataId/Q215829,109
110,wikidataId/Q216638,,,,,,,,,,,,,,,,,,,,,,,,,,99251.0,,,,,,,,,,,Wakefield,108.5,{1801:2018},Count_Person_over_time,year,https://datacommons.org/tools/statvar#Count_Person,float64,GBR,United Kingdom,wikidataId/Q216638,110
111,wikidataId/Q217039,,,,,,,,,,,,,,,,,,,,,,,,,,109691.0,,,,,,,,,,,Rotherham,108.5,{1801:2018},Count_Person_over_time,year,https://datacommons.org/tools/statvar#Count_Person,float64,GBR,United Kingdom,wikidataId/Q217039,111
112,wikidataId/Q2194010,,,,,,,,,,,,,,,,,,,,,,,,,,18041.0,,,,,,,,,,,Sunbury-on-Thames,108.5,{1801:2018},Count_Person_over_time,year,https://datacommons.org/tools/statvar#Count_Person,float64,GBR,United Kingdom,wikidataId/Q2194010,112
113,wikidataId/Q2247131,,,,,,,,,,,,,,,,,,,,,7095.0,,,,,,,,,,,,,,,,Bollington,108.5,{1801:2018},Count_Person_over_time,year,https://datacommons.org/tools/statvar#Count_Person,float64,GBR,United Kingdom,wikidataId/Q2247131,113
114,wikidataId/Q2283481,,,,,,,,,,,,,,,,,,,,,,,,,,2845.0,,,,,,,,,,,Thaxted,108.5,{1801:2018},Count_Person_over_time,year,https://datacommons.org/tools/statvar#Count_Person,float64,GBR,United Kingdom,wikidataId/Q2283481,114
115,wikidataId/Q22889,,,,,,,,,,,,,,,,,,,,,,,,,,94782.0,,,,,,,,,,,Bath,108.5,{1801:2018},Count_Person_over_time,year,https://datacommons.org/tools/statvar#Count_Person,float64,GBR,United Kingdom,wikidataId/Q22889,115
116,wikidataId/Q23051,,,,,,,,,,,,,,,,,,,,,,,,,,,,,,,,,,,245500.0,,Swansea,108.5,{1801:2018},Count_Person_over_time,year,https://datacommons.org/tools/statvar#Count_Person,float64,GBR,United Kingdom,wikidataId/Q23051,116
117,wikidataId/Q2316216,,,,,,,,,,,,,,,,,,,,,4375.0,,,,,,,,,,,,,,,,Chirk,108.5,{1801:2018},Count_Person_over_time,year,https://datacommons.org/tools/statvar#Count_Person,float64,GBR,United Kingdom,wikidataId/Q2316216,117
118,wikidataId/Q237250,,,,,,,,,,,,,,,,,,,,,,,,,,,,,,,,,,27027.0,,,Thetford,108.5,{1801:2018},Count_Person_over_time,year,https://datacommons.org/tools/statvar#Count_Person,float64,GBR,United Kingdom,wikidataId/Q237250,118
119,wikidataId/Q2396339,,,,,,,,,,,,,,,,,,,,,6819.0,,,,,,,,,,,,,,,,Watton,108.5,{1801:2018},Count_Person_over_time,year,https://datacommons.org/tools/statvar#Count_Person,float64,GBR,United Kingdom,wikidataId/Q2396339,119
120,wikidataId/Q2449644,,,,,,,,,,,,,,,,,,,,,,,,,,16826.0,,,,,,,,,,,Haslemere,108.5,{1801:2018},Count_Person_over_time,year,https://datacommons.org/tools/statvar#Count_Person,float64,GBR,United Kingdom,wikidataId/Q2449644,120
121,wikidataId/Q2463831,,,,,,,,,,,,,,,,,,,,,,,,,,25695.0,,,,,,,,,,,Coulsdon,108.5,{1801:2018},Count_Person_over_time,year,https://datacommons.org/tools/statvar#Count_Person,float64,GBR,United Kingdom,wikidataId/Q2463831,121
122,wikidataId/Q246632,,,,,,,,,,,,,,,,,,,,,,,,,,11803.0,,,,,,,,,,,Oswaldtwistle,108.5,{1801:2018},Count_Person_over_time,year,https://datacommons.org/tools/statvar#Count_Person,float64,GBR,United Kingdom,wikidataId/Q246632,122
123,wikidataId/Q246884,,,,,,,,,,,,,,,,,,,,,15988.0,,,,,,,,,,,,,,,,Lewes,108.5,{1801:2018},Count_Person_over_time,year,https://datacommons.org/tools/statvar#Count_Person,float64,GBR,United Kingdom,wikidataId/Q246884,123
124,wikidataId/Q2472406,,,,,,,,,,,,,,,,,,,,,,,,,,5411.0,,,,,,,,,,,Ammanford,108.5,{1801:2018},Count_Person_over_time,year,https://datacommons.org/tools/statvar#Count_Person,float64,GBR,United Kingdom,wikidataId/Q2472406,124
125,wikidataId/Q2569086,,,,,,,,,,,,,,,,,,,,,,,,,,12291.0,,,,,,,,,,,New Mills,108.5,{1801:2018},Count_Person_over_time,year,https://datacommons.org/tools/statvar#Count_Person,float64,GBR,United Kingdom,wikidataId/Q2569086,125
126,wikidataId/Q2569107,,,,,,,,,,,,,,,,,,,,,,,,,,9252.0,,,,,,,,,,,Towcester,108.5,{1801:2018},Count_Person_over_time,year,https://datacommons.org/tools/statvar#Count_Person,float64,GBR,United Kingdom,wikidataId/Q2569107,126
127,wikidataId/Q2598,,,,,,,,,,,,,,,,,,,,,,,,,,90301.0,,,,,,,,,,,Watford,108.5,{1801:2018},Count_Person_over_time,year,https://datacommons.org/tools/statvar#Count_Person,float64,GBR,United Kingdom,wikidataId/Q2598,127
128,wikidataId/Q263497,,,,,,,,,,,,,,,,,,,,,,,,,,5735.0,,,,,,,,,,,Oundle,108.5,{1801:2018},Count_Person_over_time,year,https://datacommons.org/tools/statvar#Count_Person,float64,GBR,United Kingdom,wikidataId/Q263497,128
129,wikidataId/Q2684024,,,,,,,,,,,,,,,,,,,,,,,,,,11380.0,,,,,,,,,,,Buckhurst Hill,108.5,{1801:2018},Count_Person_over_time,year,https://datacommons.org/tools/statvar#Count_Person,float64,GBR,United Kingdom,wikidataId/Q2684024,129
130,wikidataId/Q2701121,,,,,,,,,,,,,,,,,,,,,,,,,,825.0,,,,,,,,,,,Middleham,108.5,{1801:2018},Count_Person_over_time,year,https://datacommons.org/tools/statvar#Count_Person,float64,GBR,United Kingdom,wikidataId/Q2701121,130
131,wikidataId/Q2734841,,,,,,,,,,,,,,,,,,,,,,,,,,16856.0,,,,,,,,,,,Maltby,108.5,{1801:2018},Count_Person_over_time,year,https://datacommons.org/tools/statvar#Count_Person,float64,GBR,United Kingdom,wikidataId/Q2734841,131
132,wikidataId/Q276274,,,,,,,,,,,,,,,,,,,,,,,,,,12492.0,,,,,,,,,,,Wolverton,108.5,{1801:2018},Count_Person_over_time,year,https://datacommons.org/tools/statvar#Count_Person,float64,GBR,United Kingdom,wikidataId/Q276274,132
133,wikidataId/Q279000,,,,,,,,,,,,,,,,,,,,,,,,,,75337.0,,,,,,,,,,,South Shields,108.5,{1801:2018},Count_Person_over_time,year,https://datacommons.org/tools/statvar#Count_Person,float64,GBR,United Kingdom,wikidataId/Q279000,133
134,wikidataId/Q29245,,,,,,,,,,,,,,,,,,,,,,,,,,91053.0,,,,,,,,,,,Hastings,108.5,{1801:2018},Count_Person_over_time,year,https://datacommons.org/tools/statvar#Count_Person,float64,GBR,United Kingdom,wikidataId/Q29245,134
135,wikidataId/Q29303,,,,,,,,,,,,,,,,,,,,,46490.0,,,,,54880.0,,,,,,,,,,,Canterbury,72.33333333333333,{1801:2018},Count_Person_over_time,year,https://datacommons.org/tools/statvar#Count_Person,float64,GBR,United Kingdom,wikidataId/Q29303,135
136,wikidataId/Q2930793,,,,,,,,,,,,,,,,,,,,,3190.0,,,,,,,,,,,,,,,,Porthleven,108.5,{1801:2018},Count_Person_over_time,year,https://datacommons.org/tools/statvar#Count_Person,float64,GBR,United Kingdom,wikidataId/Q2930793,136
137,wikidataId/Q3050619,,,,,,,,,,,,,,,,,,,,,,,,,,8886.0,,,,,,,,,,,Holywell,108.5,{1801:2018},Count_Person_over_time,year,https://datacommons.org/tools/statvar#Count_Person,float64,GBR,United Kingdom,wikidataId/Q3050619,137
138,wikidataId/Q305076,,,,,,,,,,,,,,,,,,,,,,,,,,23689.0,,,,,,,,,,,Droylsden,108.5,{1801:2018},Count_Person_over_time,year,https://datacommons.org/tools/statvar#Count_Person,float64,GBR,United Kingdom,wikidataId/Q305076,138
139,wikidataId/Q30970,,,,,,,,,,,,,,,,,,,,,,,,,,,,,,,,,,714.0,,,Jamestown,108.5,{1801:2018},Count_Person_over_time,year,https://datacommons.org/tools/statvar#Count_Person,float64,GBR,United Kingdom,wikidataId/Q30970,139
140,wikidataId/Q319566,,,,,,,,,,,,,,,,,,,,,,,,,,,,1986.0,,,,,,,,,Aberfeldy,108.5,{1801:2018},Count_Person_over_time,year,https://datacommons.org/tools/statvar#Count_Person,float64,GBR,United Kingdom,wikidataId/Q319566,140
141,wikidataId/Q321381,,,,,,,,,,,,,,,,,,,,,,,,,,33130.0,,,,,,,,,,,Abingdon-on-Thames,108.5,{1801:2018},Count_Person_over_time,year,https://datacommons.org/tools/statvar#Count_Person,float64,GBR,United Kingdom,wikidataId/Q321381,141
142,wikidataId/Q36405,,,,,,,,,,,,,,,,,,,,,,,,,,,,,,,222793.0,,,,,,Aberdeen,108.5,{1801:2018},Count_Person_over_time,year,https://datacommons.org/tools/statvar#Count_Person,float64,GBR,United Kingdom,wikidataId/Q36405,142
143,wikidataId/Q375314,,,,,,,,,,,,,,,,,,,,,,,,,,51337.0,,,,,,,,,,,Folkestone,108.5,{1801:2018},Count_Person_over_time,year,https://datacommons.org/tools/statvar#Count_Person,float64,GBR,United Kingdom,wikidataId/Q375314,143
144,wikidataId/Q3778940,,,,,,,,,,,,,,,,,,,,,3767.0,,,,,,,,,,,,,,,,Macduff,108.5,{1801:2018},Count_Person_over_time,year,https://datacommons.org/tools/statvar#Count_Person,float64,GBR,United Kingdom,wikidataId/Q3778940,144
145,wikidataId/Q39480,,,,,,,,,,,,,,,,,,,,,15640.0,,,,,,,,,,,,,,,,Porthcawl,108.5,{1801:2018},Count_Person_over_time,year,https://datacommons.org/tools/statvar#Count_Person,float64,GBR,United Kingdom,wikidataId/Q39480,145
146,wikidataId/Q407183,,,,,,,,,,,,,,,,,,,,,,,,,,14294.0,,,,,,,,,,,Hawick,108.5,{1801:2018},Count_Person_over_time,year,https://datacommons.org/tools/statvar#Count_Person,float64,GBR,United Kingdom,wikidataId/Q407183,146
147,wikidataId/Q4131,,,,,,,,,,,,,,,,,,,,,,,,,,53188.0,,,,,,,,,,,Hamilton,108.5,{1801:2018},Count_Person_over_time,year,https://datacommons.org/tools/statvar#Count_Person,float64,GBR,United Kingdom,wikidataId/Q4131,147
148,wikidataId/Q428829,,,,,,,,,,,,,,,,,,,,,,,,,,9615.0,,,,,,,,,,,Caernarfon,108.5,{1801:2018},Count_Person_over_time,year,https://datacommons.org/tools/statvar#Count_Person,float64,GBR,United Kingdom,wikidataId/Q428829,148
149,wikidataId/Q445058,,,,,,,,,,,,,,,,,,,,,,,,,,52419.0,,,,,,,,,,,Altrincham,108.5,{1801:2018},Count_Person_over_time,year,https://datacommons.org/tools/statvar#Count_Person,float64,GBR,United Kingdom,wikidataId/Q445058,149
150,wikidataId/Q464955,3361.0,,,,,6734.0,,,,,,,,,,,,,,,26885.0,,,,,,,,,,,,,,,,Windsor,54.25,{1801:2018},Count_Person_over_time,year,https://datacommons.org/tools/statvar#Count_Person,float64,GBR,United Kingdom,wikidataId/Q464955,150
151,wikidataId/Q474605,,,,,,,,,,,,,,,,,,,,,,,,,,107926.0,,,,,,,,110194.0,,,Rochdale,72.33333333333333,{1801:2018},Count_Person_over_time,year,https://datacommons.org/tools/statvar#Count_Person,float64,GBR,United Kingdom,wikidataId/Q474605,151
152,wikidataId/Q47822,,,,,,,,,,,,,,,,,,,,,,,,,,,,,,,,,,78729.0,,,Bury,108.5,{1801:2018},Count_Person_over_time,year,https://datacommons.org/tools/statvar#Count_Person,float64,GBR,United Kingdom,wikidataId/Q47822,152
153,wikidataId/Q47952,,,,,,,,,,,,,,,,,,,,,,,,,,103886.0,,,,,,,,,,,Salford,108.5,{1801:2018},Count_Person_over_time,year,https://datacommons.org/tools/statvar#Count_Person,float64,GBR,United Kingdom,wikidataId/Q47952,153
154,wikidataId/Q503331,,,,,,,,,,,,,,,,,,,,,,,,,,,,,,,,,,20135.0,,,Dorchester,108.5,{1801:2018},Count_Person_over_time,year,https://datacommons.org/tools/statvar#Count_Person,float64,GBR,United Kingdom,wikidataId/Q503331,154
155,wikidataId/Q504530,,,,,,,,,,,,,,,,,,,,,,,,,,67594.0,,,,,,,,,,,Walsall,108.5,{1801:2018},Count_Person_over_time,year,https://datacommons.org/tools/statvar#Count_Person,float64,GBR,United Kingdom,wikidataId/Q504530,155
156,wikidataId/Q507125,,,,,,,,,,,,,,,,,,,,,20214.0,,,,,,,,,,,,,,,,Yateley,108.5,{1801:2018},Count_Person_over_time,year,https://datacommons.org/tools/statvar#Count_Person,float64,GBR,United Kingdom,wikidataId/Q507125,156
157,wikidataId/Q525508,,,,,,,,,,,,,,,,,,,,,,,,,,62945.0,,,,,,,,,,,Dewsbury,108.5,{1801:2018},Count_Person_over_time,year,https://datacommons.org/tools/statvar#Count_Person,float64,GBR,United Kingdom,wikidataId/Q525508,157
158,wikidataId/Q526576,,,,,,,,,,,,,,,,,,,,,,8721.0,,,,,,,,,,,,,,,Thurso,108.5,{1801:2018},Count_Person_over_time,year,https://datacommons.org/tools/statvar#Count_Person,float64,GBR,United Kingdom,wikidataId/Q526576,158
159,wikidataId/Q531311,,,,,,,,,,,,,,,,,,,,,,,,,,14749.0,,,,,,,,,,,Teignmouth,108.5,{1801:2018},Count_Person_over_time,year,https://datacommons.org/tools/statvar#Count_Person,float64,GBR,United Kingdom,wikidataId/Q531311,159
160,wikidataId/Q535233,,,,,,,,,,,,,,,,,,,,,6418.0,,,,,,,,,,,,,,,,Wimborne Minster,108.5,{1801:2018},Count_Person_over_time,year,https://datacommons.org/tools/statvar#Count_Person,float64,GBR,United Kingdom,wikidataId/Q535233,160
161,wikidataId/Q537323,,,,,,,,,,,,,,,,,,,,,,,,,,59932.0,,,,,,,,,,,Loughborough,108.5,{1801:2018},Count_Person_over_time,year,https://datacommons.org/tools/statvar#Count_Person,float64,GBR,United Kingdom,wikidataId/Q537323,161
162,wikidataId/Q537692,,,,,,,,,,,,,,,,,,,,,,,,,,59495.0,,,,,,,,,,,Filton,108.5,{1801:2018},Count_Person_over_time,year,https://datacommons.org/tools/statvar#Count_Person,float64,GBR,United Kingdom,wikidataId/Q537692,162
163,wikidataId/Q54212,,,,,,,,,,,,,,,,,,,,,,,,,,,,,,,,,,96082.0,,,Barnsley,108.5,{1801:2018},Count_Person_over_time,year,https://datacommons.org/tools/statvar#Count_Person,float64,GBR,United Kingdom,wikidataId/Q54212,163
164,wikidataId/Q546635,,,,,,,,,,,,,,,,,,,,,,,,,,55733.0,,,,,,,,,,,Royal Leamington Spa,108.5,{1801:2018},Count_Person_over_time,year,https://datacommons.org/tools/statvar#Count_Person,float64,GBR,United Kingdom,wikidataId/Q546635,164
165,wikidataId/Q547071,,,,,,,,,,,,,,,,,,,,,,,,,,65034.0,,,,,,,,,,,Farnborough,108.5,{1801:2018},Count_Person_over_time,year,https://datacommons.org/tools/statvar#Count_Person,float64,GBR,United Kingdom,wikidataId/Q547071,165
166,wikidataId/Q58270,,,,,,,,,,,,,,,,,,,,,14744.0,,,,,,,,,,,,,,,,Banbridge,108.5,{1801:2018},Count_Person_over_time,year,https://datacommons.org/tools/statvar#Count_Person,float64,GBR,United Kingdom,wikidataId/Q58270,166
167,wikidataId/Q586895,,,,,,,,,,,,,,,,,,,,,9350.0,,,,,,,,,,,,,,,,Sherborne,108.5,{1801:2018},Count_Person_over_time,year,https://datacommons.org/tools/statvar#Count_Person,float64,GBR,United Kingdom,wikidataId/Q586895,167
168,wikidataId/Q610238,,,,,,,,,,,,,,,,,,,,,,,,,,104157.0,,,,,,,,,,,Gillingham,108.5,{1801:2018},Count_Person_over_time,year,https://datacommons.org/tools/statvar#Count_Person,float64,GBR,United Kingdom,wikidataId/Q610238,168
169,wikidataId/Q617799,,,,,,,,,,,,,,,,,,,,,,,,,,51429.0,,,,,,,,,,,Willenhall,108.5,{1801:2018},Count_Person_over_time,year,https://datacommons.org/tools/statvar#Count_Person,float64,GBR,United Kingdom,wikidataId/Q617799,169
170,wikidataId/Q623765,,,,,,,,,,,,,,,,,,,,,,,,,,70627.0,,,,,,,,,,,Rugby,108.5,{1801:2018},Count_Person_over_time,year,https://datacommons.org/tools/statvar#Count_Person,float64,GBR,United Kingdom,wikidataId/Q623765,170
171,wikidataId/Q631444,,,,,,,,,,,,,,,,,3372.0,3980.0,3940.0,6180.0,6680.0,,,,,7314.0,,,,,,,,,,,Shaftesbury,31.0,{1801:2018},Count_Person_over_time,year,https://datacommons.org/tools/statvar#Count_Person,float64,GBR,United Kingdom,wikidataId/Q631444,171
172,wikidataId/Q632993,,,,,,,,,,,,,,,,,,,,,1671.0,,,,,,,,,,,,,,,,Melrose,108.5,{1801:2018},Count_Person_over_time,year,https://datacommons.org/tools/statvar#Count_Person,float64,GBR,United Kingdom,wikidataId/Q632993,172
173,wikidataId/Q637482,,,,,,,,,,,,,,,,,,,,,,,,,,50904.0,,,,,,,,,,,Esher,108.5,{1801:2018},Count_Person_over_time,year,https://datacommons.org/tools/statvar#Count_Person,float64,GBR,United Kingdom,wikidataId/Q637482,173
174,wikidataId/Q646225,,,,,,,,,,,,,,,,,,,,,62796.0,,,,,,,,,,,,,,,,Woking,108.5,{1801:2018},Count_Person_over_time,year,https://datacommons.org/tools/statvar#Count_Person,float64,GBR,United Kingdom,wikidataId/Q646225,174
175,wikidataId/Q648810,,,,,,,,,,,,,,,,,,,,,,,,,,,,,,,,,,73241.0,,,Crewe,108.5,{1801:2018},Count_Person_over_time,year,https://datacommons.org/tools/statvar#Count_Person,float64,GBR,United Kingdom,wikidataId/Q648810,175
176,wikidataId/Q6497774,,,,,,,,,,,,,,,,,,,,,,,,,,49404.0,,,,,,,,,,,Bridgend,108.5,{1801:2018},Count_Person_over_time,year,https://datacommons.org/tools/statvar#Count_Person,float64,GBR,United Kingdom,wikidataId/Q6497774,176
177,wikidataId/Q652035,,,,,,,,,,,,,,,,,,,,,,,,,,32914.0,,,,,,,,,,,Dumfries,108.5,{1801:2018},Count_Person_over_time,year,https://datacommons.org/tools/statvar#Count_Person,float64,GBR,United Kingdom,wikidataId/Q652035,177
178,wikidataId/Q654226,,,,,,,,,,,,,,,,,,,,,,,,,,,,,74411.0,,,,,,,,East Kilbride,108.5,{1801:2018},Count_Person_over_time,year,https://datacommons.org/tools/statvar#Count_Person,float64,GBR,United Kingdom,wikidataId/Q654226,178
179,wikidataId/Q659803,,,,,,,,,,,,,,,,,,,,,,,,,,45198.0,,,,,,,,,,,Ashton-under-Lyne,108.5,{1801:2018},Count_Person_over_time,year,https://datacommons.org/tools/statvar#Count_Person,float64,GBR,United Kingdom,wikidataId/Q659803,179
180,wikidataId/Q661707,,,,,,,,,,,,,,,,,,,,,,,,,,63298.0,,,,,,,,,,,Stourbridge,108.5,{1801:2018},Count_Person_over_time,year,https://datacommons.org/tools/statvar#Count_Person,float64,GBR,United Kingdom,wikidataId/Q661707,180
181,wikidataId/Q665489,,,,,,,,,,,,,,,,,,,,,,,,,,57772.0,,,,,,,,,,,Royal Tunbridge Wells,108.5,{1801:2018},Count_Person_over_time,year,https://datacommons.org/tools/statvar#Count_Person,float64,GBR,United Kingdom,wikidataId/Q665489,181
182,wikidataId/Q668262,,,,,,,,,,,,,,,,,,,,,11018.0,,,,,,,,,,,,,,,,Tavistock,108.5,{1801:2018},Count_Person_over_time,year,https://datacommons.org/tools/statvar#Count_Person,float64,GBR,United Kingdom,wikidataId/Q668262,182
183,wikidataId/Q671348,,,,,,,,,,,,,,,,,,,,,,,,,,109120.0,,,,,,,,,,,Worthing,108.5,{1801:2018},Count_Person_over_time,year,https://datacommons.org/tools/statvar#Count_Person,float64,GBR,United Kingdom,wikidataId/Q671348,183
184,wikidataId/Q685640,,,,,,,,,,,,,,,,,,,,,,,,,,23732.0,,,,,,,,,,,Huntingdon,108.5,{1801:2018},Count_Person_over_time,year,https://datacommons.org/tools/statvar#Count_Person,float64,GBR,United Kingdom,wikidataId/Q685640,184
185,wikidataId/Q716658,,,,2803.0,,,,,,,,,,,,,,,,,,,,,,,,,,,,,,,,,Arundel,108.5,{1801:2018},Count_Person_over_time,year,https://datacommons.org/tools/statvar#Count_Person,float64,GBR,United Kingdom,wikidataId/Q716658,185
186,wikidataId/Q724182,,,,,,,,,,,,,,,,,,,,,,,,,,11226.0,,,,,,,,,,,St Ives,108.5,{1801:2018},Count_Person_over_time,year,https://datacommons.org/tools/statvar#Count_Person,float64,GBR,United Kingdom,wikidataId/Q724182,186
187,wikidataId/Q725261,,,,,,,,,,,,,,,,,,,,,,,,,,67528.0,,,,,,,,,,,Ashford,108.5,{1801:2018},Count_Person_over_time,year,https://datacommons.org/tools/statvar#Count_Person,float64,GBR,United Kingdom,wikidataId/Q725261,187
188,wikidataId/Q729006,,,,,,,,,,,,,,,,,,,,,,,,,,76792.0,,,,,,,,,,,Chatham,108.5,{1801:2018},Count_Person_over_time,year,https://datacommons.org/tools/statvar#Count_Person,float64,GBR,United Kingdom,wikidataId/Q729006,188
189,wikidataId/Q736439,,,,,,,,,,,,,,,,,,,,,,,,,,40408.0,,,,,,,,,,,Ramsgate,108.5,{1801:2018},Count_Person_over_time,year,https://datacommons.org/tools/statvar#Count_Person,float64,GBR,United Kingdom,wikidataId/Q736439,189
190,wikidataId/Q736742,,,,,,,,,,,,,,,,,,,,,,,,,92765.0,,,,,,,,,,,,Wimbledon,108.5,{1801:2018},Count_Person_over_time,year,https://datacommons.org/tools/statvar#Count_Person,float64,GBR,United Kingdom,wikidataId/Q736742,190
191,wikidataId/Q743521,,,,,,,,,,,,,,,,,,,,,,,,,,61749.0,,,,,,,,,,,Scarborough,108.5,{1801:2018},Count_Person_over_time,year,https://datacommons.org/tools/statvar#Count_Person,float64,GBR,United Kingdom,wikidataId/Q743521,191
192,wikidataId/Q746718,,,,,,,,,,,,,,,,,,,,,,,,,,142968.0,,,,,,,,,,,Birkenhead,108.5,{1801:2018},Count_Person_over_time,year,https://datacommons.org/tools/statvar#Count_Person,float64,GBR,United Kingdom,wikidataId/Q746718,192
193,wikidataId/Q752762,,,,,,,,,,,,,,,,,,,,,,,,,,63546.0,,,,,,,,,,,Merthyr Tydfil,108.5,{1801:2018},Count_Person_over_time,year,https://datacommons.org/tools/statvar#Count_Person,float64,GBR,United Kingdom,wikidataId/Q752762,193
194,wikidataId/Q780923,,,,,,,,,,,,,,,,,,,,,,,,,,60284.0,,,,,,,,,,,Wallasey,108.5,{1801:2018},Count_Person_over_time,year,https://datacommons.org/tools/statvar#Count_Person,float64,GBR,United Kingdom,wikidataId/Q780923,194
195,wikidataId/Q783210,,,,,,,,,,,,,,,,,,,,,,,,,,77256.0,,,,,,,,,,,Bracknell,108.5,{1801:2018},Count_Person_over_time,year,https://datacommons.org/tools/statvar#Count_Person,float64,GBR,United Kingdom,wikidataId/Q783210,195
196,wikidataId/Q806160,,,,,,,,,,,,,,,,,,,,,,,,,,46853.0,,,,,,,,,,,Banbury,108.5,{1801:2018},Count_Person_over_time,year,https://datacommons.org/tools/statvar#Count_Person,float64,GBR,United Kingdom,wikidataId/Q806160,196
197,wikidataId/Q810196,,,,,,,,,,,,,,,,,,,,,,,,,,107355.0,,,,,,,,,,,Basingstoke,108.5,{1801:2018},Count_Person_over_time,year,https://datacommons.org/tools/statvar#Count_Person,float64,GBR,United Kingdom,wikidataId/Q810196,197
198,wikidataId/Q813810,,,,,,,,,,,,,,,,,,,,,,,,,,3156.0,,,,,,,,,,,Bedale,108.5,{1801:2018},Count_Person_over_time,year,https://datacommons.org/tools/statvar#Count_Person,float64,GBR,United Kingdom,wikidataId/Q813810,198
199,wikidataId/Q823600,,,,10688.0,,,,,,,,,,,,,,,,,,,,,,,,,,,,,,,,,Chesterfield,108.5,{1801:2018},Count_Person_over_time,year,https://datacommons.org/tools/statvar#Count_Person,float64,GBR,United Kingdom,wikidataId/Q823600,199
200,wikidataId/Q826561,,,,,,,,,,,,,,,,,,,,,,,,,,88134.0,,,,,,,,,,,Halifax,108.5,{1801:2018},Count_Person_over_time,year,https://datacommons.org/tools/statvar#Count_Person,float64,GBR,United Kingdom,wikidataId/Q826561,200
201,wikidataId/Q84,1011157.0,1197673.0,1450122.0,1729949.0,1917013.0,2286609.0,3094391.0,3902178.0,4709960.0,5565856.0,6226494.0,7157875.0,7553526.0,8098942.0,7987936.0,8164416.0,7781342.0,7449184.0,6608513.0,6887280.0,7172036.0,,,,,,,,8416535.0,,,,,8787892.0,,8908081.0,London,8.68,{1801:2018},Count_Person_over_time,year,https://datacommons.org/tools/statvar#Count_Person,float64,GBR,United Kingdom,wikidataId/Q84,201
202,wikidataId/Q841074,,,,,,,,,,,,,,,,,,,,,,,,,,23128.0,,,,,,,,,,,Elgin,108.5,{1801:2018},Count_Person_over_time,year,https://datacommons.org/tools/statvar#Count_Person,float64,GBR,United Kingdom,wikidataId/Q841074,202
203,wikidataId/Q841979,,,,,,,,,,,,,,,,,,,,,,,,,,77551.0,,,,,,,,,,,Mansfield,108.5,{1801:2018},Count_Person_over_time,year,https://datacommons.org/tools/statvar#Count_Person,float64,GBR,United Kingdom,wikidataId/Q841979,203
204,wikidataId/Q845619,,,,,,,,,,,,,,,,,,,,,,,,,,60479.0,,,,,,,,,,,Taunton,108.5,{1801:2018},Count_Person_over_time,year,https://datacommons.org/tools/statvar#Count_Person,float64,GBR,United Kingdom,wikidataId/Q845619,204
205,wikidataId/Q848909,,,,,,,,,,,,,,,,,,,,,9908.0,,,,,,,,,,,,,10175.0,,,Fort William,72.33333333333333,{1801:2018},Count_Person_over_time,year,https://datacommons.org/tools/statvar#Count_Person,float64,GBR,United Kingdom,wikidataId/Q848909,205
206,wikidataId/Q853012,,,,,,,,,,,,,,,,,,,,,,,,,,,,,43478.0,,,,,,,,Bexhill,108.5,{1801:2018},Count_Person_over_time,year,https://datacommons.org/tools/statvar#Count_Person,float64,GBR,United Kingdom,wikidataId/Q853012,206
207,wikidataId/Q862832,,,,,,,,,,,,,,,,,,,,,,,,,,27998.0,,,,,,,,,,,Billericay,108.5,{1801:2018},Count_Person_over_time,year,https://datacommons.org/tools/statvar#Count_Person,float64,GBR,United Kingdom,wikidataId/Q862832,207
208,wikidataId/Q865716,,,,,,,,,,,,,,,,,,,,,,,,,,81919.0,,,,,,,,,,,Redditch,108.5,{1801:2018},Count_Person_over_time,year,https://datacommons.org/tools/statvar#Count_Person,float64,GBR,United Kingdom,wikidataId/Q865716,208
209,wikidataId/Q866339,,,,,,,,,,,,,,,,,,,,,24392.0,,,,,,,,,,,,,,,,Bishop Auckland,108.5,{1801:2018},Count_Person_over_time,year,https://datacommons.org/tools/statvar#Count_Person,float64,GBR,United Kingdom,wikidataId/Q866339,209
210,wikidataId/Q868637,,,,,,,,,,,,,,,,,,,,,,,,,,56581.0,,,,,,,,,,,Macclesfield,108.5,{1801:2018},Count_Person_over_time,year,https://datacommons.org/tools/statvar#Count_Person,float64,GBR,United Kingdom,wikidataId/Q868637,210
211,wikidataId/Q868642,,,,,,,,,,,,,,,,,,,,,73944.0,,,,,75082.0,,,,,,,,,,,Newcastle-under-Lyme,72.33333333333333,{1801:2018},Count_Person_over_time,year,https://datacommons.org/tools/statvar#Count_Person,float64,GBR,United Kingdom,wikidataId/Q868642,211
212,wikidataId/Q881062,,,,,,,,,,,,,,,,,,,,,,,,,,4875.0,,,,,,,,,,,Blaenau Ffestiniog,108.5,{1801:2018},Count_Person_over_time,year,https://datacommons.org/tools/statvar#Count_Person,float64,GBR,United Kingdom,wikidataId/Q881062,212
213,wikidataId/Q890621,,,,,,,,,,,,,,,,,,,,,,,,,,63885.0,,,,,,,,,,,Bognor Regis,108.5,{1801:2018},Count_Person_over_time,year,https://datacommons.org/tools/statvar#Count_Person,float64,GBR,United Kingdom,wikidataId/Q890621,213
214,wikidataId/Q904472,,,,,,,,,,,,,,,,,,,,,7901.0,,,,,8250.0,,,,,,,,,,,Brecon,72.33333333333333,{1801:2018},Count_Person_over_time,year,https://datacommons.org/tools/statvar#Count_Person,float64,GBR,United Kingdom,wikidataId/Q904472,214
215,wikidataId/Q909146,,,,,,,,,,,,,,,,,,,,,66773.0,,,,,,,,,,,,,,,,Godalming,108.5,{1801:2018},Count_Person_over_time,year,https://datacommons.org/tools/statvar#Count_Person,float64,GBR,United Kingdom,wikidataId/Q909146,215
216,wikidataId/Q909993,,,,,,,,,,,,,,,,,,,,,,,,,,49463.0,,,,,,,,,,,Brentwood,108.5,{1801:2018},Count_Person_over_time,year,https://datacommons.org/tools/statvar#Count_Person,float64,GBR,United Kingdom,wikidataId/Q909993,216
217,wikidataId/Q913386,,,,,,,,,,,,,,,,,,,,,,,,,,79977.0,,,,,,,,,,,Scunthorpe,108.5,{1801:2018},Count_Person_over_time,year,https://datacommons.org/tools/statvar#Count_Person,float64,GBR,United Kingdom,wikidataId/Q913386,217
218,wikidataId/Q914000,,,,,,,,,,,,,,,,,,,,,,,,,,12079.0,,,,,,,,,,,Bridgnorth,108.5,{1801:2018},Count_Person_over_time,year,https://datacommons.org/tools/statvar#Count_Person,float64,GBR,United Kingdom,wikidataId/Q914000,218
219,wikidataId/Q920381,,,,,,,,,,,,,,,,,,,,,15741.0,,,,,,,,,,,,,,,,Northallerton,108.5,{1801:2018},Count_Person_over_time,year,https://datacommons.org/tools/statvar#Count_Person,float64,GBR,United Kingdom,wikidataId/Q920381,219
220,wikidataId/Q925424,,,,,,,,,,,,,,,,,,,,,,,,,,54210.0,,,,,,,,,,,Christchurch,108.5,{1801:2018},Count_Person_over_time,year,https://datacommons.org/tools/statvar#Count_Person,float64,GBR,United Kingdom,wikidataId/Q925424,220
221,wikidataId/Q929286,,,,,,,,,,,,,,,,,,,,,,,,,,38385.0,,,,,,,,,,,Herne Bay,108.5,{1801:2018},Count_Person_over_time,year,https://datacommons.org/tools/statvar#Count_Person,float64,GBR,United Kingdom,wikidataId/Q929286,221
222,wikidataId/Q930204,,,,,,,,,,,,,,,,,,,,,,,,,,2165.0,,,,,,,,,,,Wells-next-the-Sea,108.5,{1801:2018},Count_Person_over_time,year,https://datacommons.org/tools/statvar#Count_Person,float64,GBR,United Kingdom,wikidataId/Q930204,222
223,wikidataId/Q936183,,,,,,,,,,,,,,,,,,,,,,,,,,,38657.0,,,,,,,,,,Tonbridge,108.5,{1801:2018},Count_Person_over_time,year,https://datacommons.org/tools/statvar#Count_Person,float64,GBR,United Kingdom,wikidataId/Q936183,223
224,wikidataId/Q936263,,,,,,,,,,,,,,,,,,,,,,,,,,71529.0,,,,,,,,,,,Gosport,108.5,{1801:2018},Count_Person_over_time,year,https://datacommons.org/tools/statvar#Count_Person,float64,GBR,United Kingdom,wikidataId/Q936263,224
225,wikidataId/Q9611,,,,,,,,,,,,,,,,,,,,,,,,,,23973.0,,,,,,,,,,,Rickmansworth,108.5,{1801:2018},Count_Person_over_time,year,https://datacommons.org/tools/statvar#Count_Person,float64,GBR,United Kingdom,wikidataId/Q9611,225
226,wikidataId/Q964785,,,,,,,,,,,,,,,,,,,,,30195.0,,,,,,,,,,,,,,,,Whitstable,108.5,{1801:2018},Count_Person_over_time,year,https://datacommons.org/tools/statvar#Count_Person,float64,GBR,United Kingdom,wikidataId/Q964785,226
227,wikidataId/Q967166,,,,,,,,,,,,,,,,,,,,,14170.0,,,,,,,,,,,,,,,,Hythe,108.5,{1801:2018},Count_Person_over_time,year,https://datacommons.org/tools/statvar#Count_Person,float64,GBR,United Kingdom,wikidataId/Q967166,227
228,wikidataId/Q9681,,,,,,,,,,,,,,,,,,,,,,,,,,,,,,,,,,28689.0,,,Hertford,108.5,{1801:2018},Count_Person_over_time,year,https://datacommons.org/tools/statvar#Count_Person,float64,GBR,United Kingdom,wikidataId/Q9681,228
229,wikidataId/Q980084,,,,,,,,,,,,,,,,,,,,,,,,,,,,,,,,,,10022.0,,,Nairn,108.5,{1801:2018},Count_Person_over_time,year,https://datacommons.org/tools/statvar#Count_Person,float64,GBR,United Kingdom,wikidataId/Q980084,229
230,wikidataId/Q984613,,,,,,,,,,,,,,,,,,,,,,,,,,56226.0,,,,,,,,,,,Kettering,108.5,{1801:2018},Count_Person_over_time,year,https://datacommons.org/tools/statvar#Count_Person,float64,GBR,United Kingdom,wikidataId/Q984613,230
231,wikidataId/Q985279,,,,,,,,,,,,,,,,,,,,,,,,,,34768.0,,,,,,,,,,,Morecambe,108.5,{1801:2018},Count_Person_over_time,year,https://datacommons.org/tools/statvar#Count_Person,float64,GBR,United Kingdom,wikidataId/Q985279,231
232,wikidataId/Q985833,,,,,,,,,,,,,,,,,,,,,,,,,,50548.0,,,,,,,,,,,Clacton-on-Sea,108.5,{1801:2018},Count_Person_over_time,year,https://datacommons.org/tools/statvar#Count_Person,float64,GBR,United Kingdom,wikidataId/Q985833,232
233,wikidataId/Q989616,,,,,,,,,,,,,,,,,,,,,91900.0,,,,,,,,,,,,,,,,Hove,108.5,{1801:2018},Count_Person_over_time,year,https://datacommons.org/tools/statvar#Count_Person,float64,GBR,United Kingdom,wikidataId/Q989616,233
234,wikidataId/Q990112,,,,,,,,,,,,,,,,,,,,,,,,,,55706.0,,,,,,,,,,,Littlehampton,108.5,{1801:2018},Count_Person_over_time,year,https://datacommons.org/tools/statvar#Count_Person,float64,GBR,United Kingdom,wikidataId/Q990112,234
235,wikidataId/Q990168,,,,,,,,,,,,,,,,,,,,,,,,,,53331.0,,,,,,,,,,,Keighley,108.5,{1801:2018},Count_Person_over_time,year,https://datacommons.org/tools/statvar#Count_Person,float64,GBR,United Kingdom,wikidataId/Q990168,235
236,wikidataId/Q991055,,,,,,,,,,,,,,,,,,,,,13725.0,,,,,,,,,,,,,,,,Milford Haven,108.5,{1801:2018},Count_Person_over_time,year,https://datacommons.org/tools/statvar#Count_Person,float64,GBR,United Kingdom,wikidataId/Q991055,236
237,wikidataId/Q992665,,,,,,,,,,,,,,,,,,,,,,,,,,67768.0,,,,,,,,,,,Cannock,108.5,{1801:2018},Count_Person_over_time,year,https://datacommons.org/tools/statvar#Count_Person,float64,GBR,United Kingdom,wikidataId/Q992665,237
238,wikidataId/Q994925,,,,,,,,,,,,,,,,,,,,,,,,,,54927.0,,,,,,,,,,,Corby,108.5,{1801:2018},Count_Person_over_time,year,https://datacommons.org/tools/statvar#Count_Person,float64,GBR,United Kingdom,wikidataId/Q994925,238
239,wikidataId/Q996616,,,,,,,,,,,,,,,,,,,,,,,,,,52270.0,,,,,,,,,,,Cumbernauld,108.5,{1801:2018},Count_Person_over_time,year,https://datacommons.org/tools/statvar#Count_Person,float64,GBR,United Kingdom,wikidataId/Q996616,239
